{"cameraMode":{"drawMode":0,"name":"Shaded","section":"Shading Mode"},"sceneLighting":true,"audioPlay":false,"sceneViewState":{"showFog":true,"showMaterialUpdate":false,"showSkybox":true,"showFlares":true,"showImageEffects":true,"showParticleSystems":true},"in2DMode":false,"pivot":{"x":-0.12473367154598236,"y":-0.18125204741954804,"z":-0.16072137653827668},"rotation":{"x":-0.0735599473118782,"y":-0.8837098479270935,"z":0.14851295948028565,"w":-0.4377097189426422},"size":1.8038129806518555,"orthographic":false}