{"cameraMode":{"drawMode":0,"name":"Shaded","section":"Shading Mode"},"sceneLighting":false,"audioPlay":false,"sceneViewState":{"showFog":true,"showMaterialUpdate":false,"showSkybox":true,"showFlares":true,"showImageEffects":true,"showParticleSystems":true},"in2DMode":false,"pivot":{"x":2.022589921951294,"y":-0.8015195727348328,"z":4.77545166015625},"rotation":{"x":0.1972491443157196,"y":0.022055886685848237,"z":-0.004438862204551697,"w":0.9800952076911926},"size":3.8164312839508058,"orthographic":false}