{"cameraMode":{"drawMode":0,"name":"Shaded","section":"Shading Mode"},"sceneLighting":false,"audioPlay":false,"sceneViewState":{"showFog":true,"showMaterialUpdate":false,"showSkybox":true,"showFlares":true,"showImageEffects":true,"showParticleSystems":true},"in2DMode":false,"pivot":{"x":2.0199999809265138,"y":-0.9279956817626953,"z":4.710000038146973},"rotation":{"x":-0.2583372890949249,"y":0.4776313006877899,"z":-0.14932139217853547,"w":-0.8263373374938965},"size":5.313698768615723,"orthographic":false}