{"cameraMode":{"drawMode":0,"name":"Shaded","section":"Shading Mode"},"sceneLighting":false,"audioPlay":false,"sceneViewState":{"showFog":true,"showMaterialUpdate":false,"showSkybox":true,"showFlares":true,"showImageEffects":true,"showParticleSystems":true},"in2DMode":false,"pivot":{"x":1.1920928955078126e-7,"y":0.0,"z":-2.384185791015625e-7},"rotation":{"x":-0.05886722728610039,"y":0.5193163156509399,"z":0.03588966280221939,"w":0.8517964482307434},"size":17.230789184570314,"orthographic":false}