{"cameraMode":{"drawMode":0,"name":"Shaded","section":"Shading Mode"},"sceneLighting":false,"audioPlay":false,"sceneViewState":{"showFog":true,"showMaterialUpdate":false,"showSkybox":true,"showFlares":true,"showImageEffects":true,"showParticleSystems":true},"in2DMode":false,"pivot":{"x":0.8098205924034119,"y":1.4933103322982789,"z":-0.40695905685424807},"rotation":{"x":-0.16202165186405183,"y":-0.16202163696289063,"z":0.026978887617588044,"w":-0.9730212092399597},"size":4.983025550842285,"orthographic":false}