{"cameraMode":{"drawMode":0,"name":"Shaded","section":"Shading Mode"},"sceneLighting":false,"audioPlay":false,"sceneViewState":{"showFog":true,"showMaterialUpdate":false,"showSkybox":true,"showFlares":true,"showImageEffects":true,"showParticleSystems":true},"in2DMode":false,"pivot":{"x":1.952314853668213,"y":6.136776924133301,"z":1.1316604614257813},"rotation":{"x":0.0194918941706419,"y":-0.026399735361337663,"z":-0.0005148657946847379,"w":-0.99946129322052},"size":0.47769060730934145,"orthographic":false}