{"cameraMode":{"drawMode":0,"name":"Shaded","section":"Shading Mode"},"sceneLighting":false,"audioPlay":false,"sceneViewState":{"showFog":true,"showMaterialUpdate":false,"showSkybox":true,"showFlares":true,"showImageEffects":true,"showParticleSystems":true},"in2DMode":false,"pivot":{"x":6.639649868011475,"y":1.3540459871292115,"z":4.251375198364258},"rotation":{"x":-0.12072991579771042,"y":0.6821418404579163,"z":-0.11569197475910187,"w":-0.7118442058563232},"size":-1.7272138595581055,"orthographic":false}