{"cameraMode":{"drawMode":0,"name":"Shaded","section":"Shading Mode"},"sceneLighting":false,"audioPlay":false,"sceneViewState":{"showFog":true,"showMaterialUpdate":false,"showSkybox":true,"showFlares":true,"showImageEffects":true,"showParticleSystems":true},"in2DMode":false,"pivot":{"x":0.039563119411468509,"y":8.430171966552735,"z":-2.5313758850097658},"rotation":{"x":0.038882166147232059,"y":-0.07428266108036041,"z":-0.0028984963428229095,"w":-0.9964747428894043},"size":22.0,"orthographic":false}