{"cameraMode":{"drawMode":0,"name":"Shaded","section":"Shading Mode"},"sceneLighting":false,"audioPlay":false,"sceneViewState":{"showFog":true,"showMaterialUpdate":false,"showSkybox":true,"showFlares":true,"showImageEffects":true,"showParticleSystems":true},"in2DMode":false,"pivot":{"x":0.039563119411468509,"y":8.430171966552735,"z":-2.5313758850097658},"rotation":{"x":-0.18960298597812653,"y":-0.694185197353363,"z":0.1977383941411972,"w":-0.6656253933906555},"size":22.0,"orthographic":false}