{"cameraMode":{"drawMode":0,"name":"Shaded","section":"Shading Mode"},"sceneLighting":false,"audioPlay":false,"sceneViewState":{"showFog":true,"showMaterialUpdate":false,"showSkybox":true,"showFlares":true,"showImageEffects":true,"showParticleSystems":true},"in2DMode":false,"pivot":{"x":0.039563119411468509,"y":8.430171966552735,"z":-2.5313758850097658},"rotation":{"x":0.0194918941706419,"y":-0.026399735361337663,"z":-0.0005148657946847379,"w":-0.99946129322052},"size":22.0,"orthographic":false}