{"cameraMode":{"drawMode":0,"name":"Shaded","section":"Shading Mode"},"sceneLighting":false,"audioPlay":false,"sceneViewState":{"showFog":true,"showMaterialUpdate":false,"showSkybox":true,"showFlares":true,"showImageEffects":true,"showParticleSystems":true},"in2DMode":false,"pivot":{"x":0.039563119411468509,"y":8.430171966552735,"z":-2.5313758850097658},"rotation":{"x":0.08083275705575943,"y":0.043933380395174029,"z":0.0035664020106196405,"w":-0.9957525730133057},"size":22.0,"orthographic":false}