{"cameraMode":{"drawMode":0,"name":"Shaded","section":"Shading Mode"},"sceneLighting":false,"audioPlay":false,"sceneViewState":{"showFog":true,"showMaterialUpdate":false,"showSkybox":true,"showFlares":true,"showImageEffects":true,"showParticleSystems":true},"in2DMode":false,"pivot":{"x":-0.5242506265640259,"y":2.088961124420166,"z":-0.39131832122802737},"rotation":{"x":0.1686791032552719,"y":0.010932992212474347,"z":0.0018710870062932373,"w":-0.9856085777282715},"size":3.4900617599487306,"orthographic":false}