{"cameraMode":{"drawMode":0,"name":"Shaded","section":"Shading Mode"},"sceneLighting":false,"audioPlay":false,"sceneViewState":{"showFog":true,"showMaterialUpdate":false,"showSkybox":true,"showFlares":true,"showImageEffects":true,"showParticleSystems":true},"in2DMode":false,"pivot":{"x":1.2534419298171998,"y":-0.9114195704460144,"z":-0.2530725598335266},"rotation":{"x":0.18997171521186829,"y":0.7296042442321777,"z":-0.22449427843093873,"w":0.6174064874649048},"size":1.3621408939361573,"orthographic":false}