{"cameraMode":{"drawMode":0,"name":"Shaded","section":"Shading Mode"},"sceneLighting":false,"audioPlay":false,"sceneViewState":{"showFog":true,"showMaterialUpdate":false,"showSkybox":true,"showFlares":true,"showImageEffects":true,"showParticleSystems":true},"in2DMode":false,"pivot":{"x":0.013827085494995118,"y":0.24859166145324708,"z":0.14684796333312989},"rotation":{"x":-0.08304783701896668,"y":0.8963397741317749,"z":-0.18993288278579713,"w":-0.3919229805469513},"size":6.367663860321045,"orthographic":false}