{"cameraMode":{"drawMode":0,"name":"Shaded","section":"Shading Mode"},"sceneLighting":false,"audioPlay":false,"sceneViewState":{"showFog":true,"showMaterialUpdate":false,"showSkybox":true,"showFlares":true,"showImageEffects":true,"showParticleSystems":true},"in2DMode":false,"pivot":{"x":0.1600000262260437,"y":-0.6700000166893005,"z":0.0899999737739563},"rotation":{"x":-0.20652563869953156,"y":0.7873876094818115,"z":-0.35191845893859866,"w":-0.4620837867259979},"size":3.3092668056488039,"orthographic":false}