{"cameraMode":{"drawMode":0,"name":"Shaded","section":"Shading Mode"},"sceneLighting":false,"audioPlay":false,"sceneViewState":{"showFog":true,"showMaterialUpdate":false,"showSkybox":true,"showFlares":true,"showImageEffects":true,"showParticleSystems":true},"in2DMode":false,"pivot":{"x":0.19599997997283936,"y":0.06300000101327896,"z":0.08299997448921204},"rotation":{"x":-0.39137527346611025,"y":0.4860205054283142,"z":-0.257872074842453,"w":-0.7376391887664795},"size":4.88123893737793,"orthographic":false}